Workbook

Sheet Summary
A1: WordPress – YouTube Playlists & Full Courses (Bengali / English / Hindi)
A2: YouTube playlists & courses, crawled 24 Sep 2026. Use the "My Status" dropdown on each sheet to track progress.
A4: Topic | B4: Bengali | C4: English | D4: Hindi | E4: Total
A5: WordPress Full Courses | B5: =COUNTIF('Bengali Playlists'!B:B,$A5) -> 22 | C5: =COUNTIF('English Playlists'!B:B,$A5) -> 10 | D5: =COUNTIF('Hindi Playlists'!B:B,$A5) -> 34 | E5: =SUM(B5:D5) -> 66
A6: Elementor & Page Builders | B6: =COUNTIF('Bengali Playlists'!B:B,$A6) -> 11 | C6: =COUNTIF('English Playlists'!B:B,$A6) -> 11 | D6: =COUNTIF('Hindi Playlists'!B:B,$A6) -> 12 | E6: =SUM(B6:D6) -> 34
A7: WooCommerce & E-commerce | B7: =COUNTIF('Bengali Playlists'!B:B,$A7) -> 8 | C7: =COUNTIF('English Playlists'!B:B,$A7) -> 6 | D7: =COUNTIF('Hindi Playlists'!B:B,$A7) -> 10 | E7: =SUM(B7:D7) -> 24
A8: Theme Development | B8: =COUNTIF('Bengali Playlists'!B:B,$A8) -> 9 | C8: =COUNTIF('English Playlists'!B:B,$A8) -> 9 | D8: =COUNTIF('Hindi Playlists'!B:B,$A8) -> 8 | E8: =SUM(B8:D8) -> 26
A9: Plugin Development | B9: =COUNTIF('Bengali Playlists'!B:B,$A9) -> 7 | C9: =COUNTIF('English Playlists'!B:B,$A9) -> 5 | D9: =COUNTIF('Hindi Playlists'!B:B,$A9) -> 7 | E9: =SUM(B9:D9) -> 19
A10: Headless & REST API | B10: =COUNTIF('Bengali Playlists'!B:B,$A10) -> 0 | C10: =COUNTIF('English Playlists'!B:B,$A10) -> 9 | D10: =COUNTIF('Hindi Playlists'!B:B,$A10) -> 2 | E10: =SUM(B10:D10) -> 11
A11: Website Projects | B11: =COUNTIF('Bengali Playlists'!B:B,$A11) -> 2 | C11: =COUNTIF('English Playlists'!B:B,$A11) -> 2 | D11: =COUNTIF('Hindi Playlists'!B:B,$A11) -> 1 | E11: =SUM(B11:D11) -> 5
A12: SEO & Speed | B12: =COUNTIF('Bengali Playlists'!B:B,$A12) -> 9 | C12: =COUNTIF('English Playlists'!B:B,$A12) -> 4 | D12: =COUNTIF('Hindi Playlists'!B:B,$A12) -> 8 | E12: =SUM(B12:D12) -> 21
A13: Hosting & Security | B13: =COUNTIF('Bengali Playlists'!B:B,$A13) -> 1 | C13: =COUNTIF('English Playlists'!B:B,$A13) -> 4 | D13: =COUNTIF('Hindi Playlists'!B:B,$A13) -> 0 | E13: =SUM(B13:D13) -> 5
A14: Freelancing | B14: =COUNTIF('Bengali Playlists'!B:B,$A14) -> 4 | C14: =COUNTIF('English Playlists'!B:B,$A14) -> 1 | D14: =COUNTIF('Hindi Playlists'!B:B,$A14) -> 1 | E14: =SUM(B14:D14) -> 6
A15: Total | B15: =SUM(B5:B14) -> 73 | C15: =SUM(C5:C14) -> 61 | D15: =SUM(D5:D14) -> 83 | E15: =SUM(E5:E14) -> 217
A17: Progress (Completed)
A18: Bengali | B18: =COUNTIF('Bengali Playlists'!H:H,"Completed") -> 0 | C18: =IFERROR(B18/(COUNTA('Bengali Playlists'!C:C)-1),0) -> 0
A19: English | B19: =COUNTIF('English Playlists'!H:H,"Completed") -> 0 | C19: =IFERROR(B19/(COUNTA('English Playlists'!C:C)-1),0) -> 0
A20: Hindi | B20: =COUNTIF('Hindi Playlists'!H:H,"Completed") -> 0 | C20: =IFERROR(B20/(COUNTA('Hindi Playlists'!C:C)-1),0) -> 0
A22: • Links open the full YouTube playlist. Sheets are sorted by topic, then by number of videos.
A23: • Language is from the playlist title/description or the channel's known teaching language; some Hindi entries are Hindi/Urdu.
A24: • "(compiled)" = a playlist re-uploaded or collected by someone other than the original instructor.
A25: • Off-topic results and other languages (Tamil, Telugu, Malayalam, Arabic, etc.) were removed.

Sheet Bengali Playlists
A1: # | B1: Topic | C1: Playlist / Course Title | D1: Channel | E1: Videos | F1: Type | G1: Playlist URL | H1: My Status | I1: Notes
A2: 1 | B2: WordPress Full Courses | C2: WordPress Bangla Tutorial Course – Beginner to Advanced | D2: Freelancer Abdul Mannan | E2: 225 | F2: Playlist | G2: https://www.youtube.com/playlist?list=PLeCz-UdZ0uzQVPdQN-mWnz8896BdYMqAf | H2: Not started
A3: 2 | B3: WordPress Full Courses | C3: WordPress Full Course Bangla Tutorial | D3: Learn With Tamal Debnath | E3: 76 | F3: Playlist | G3: https://www.youtube.com/playlist?list=PLg_16k-Yo-mu5gdu2jASx7PKUEugBELfY | H3: Not started
A4: 3 | B4: WordPress Full Courses | C4: WordPress Basic To Advance Course | D4: Learn With Saikat | E4: 63 | F4: Playlist | G4: https://www.youtube.com/playlist?list=PLw586htDgTOu6KDrBJfdPW0Lo7wlY7cis | H4: Not started
A5: 4 | B5: WordPress Full Courses | C5: WordPress Customization 101 Course | D5: Ali Hossain | E5: 49 | F5: Course | G5: https://www.youtube.com/playlist?list=PLSNRR4BKcowBEVOREh3_4sEdPco23YUls | H5: Not started
A6: 5 | B6: WordPress Full Courses | C6: WordPress Bangla Full Course (Free) | D6: Web it LTD | E6: 46 | F6: Playlist | G6: https://www.youtube.com/playlist?list=PLYnK4UMf4VuL47abPwuOSpsV9Q7o3cHVB | H6: Not started
A7: 6 | B7: WordPress Full Courses | C7: WordPress Bangla Tutorial 2025 – Theme Customization | D7: Learn With Seam | E7: 44 | F7: Playlist | G7: https://www.youtube.com/playlist?list=PLo8DL6274a7e5oZdQUGl3xEHBvHnAkP77 | H7: Not started
A8: 7 | B8: WordPress Full Courses | C8: WordPress Web Design Course | D8: Rh Tech | E8: 43 | F8: Playlist | G8: https://www.youtube.com/playlist?list=PLcBdpFpZoG6vXu3aPSlcM2mZy3rRt5TC1 | H8: Not started
A9: 8 | B9: WordPress Full Courses | C9: WordPress Basic to Advanced Course | D9: Azharul Rafy | E9: 42 | F9: Course | G9: https://www.youtube.com/playlist?list=PLQOGKy2nPhxlEVP4RBVrBoXPL6mZNZv5L | H9: Not started
A10: 9 | B10: WordPress Full Courses | C10: WordPress Bangla Tutorial Basic to Advance (Live Class) | D10: Freelancer Abdul Mannan | E10: 40 | F10: Playlist | G10: https://www.youtube.com/playlist?list=PLeCz-UdZ0uzTnNdZ3LEh7blRAUSyvIYzQ | H10: Not started
A11: 10 | B11: WordPress Full Courses | C11: WordPress Course (Zero to Hero) | D11: Rh Tech | E11: 38 | F11: Playlist | G11: https://www.youtube.com/playlist?list=PLcBdpFpZoG6tS7Oe4Wyvc2Xj4WQ7jJkEA | H11: Not started
A12: 11 | B12: WordPress Full Courses | C12: WordPress Bangla Tutorial | D12: Moshiur | E12: 35 | F12: Playlist | G12: https://www.youtube.com/playlist?list=PLm64fbD5Onxti7DiUkX3UX3P2tuiEw30E | H12: Not started
A13: 12 | B13: WordPress Full Courses | C13: WordPress Tutorial for Beginners – Customization (Bangla) | D13: Salman Khan | E13: 35 | F13: Playlist | G13: https://www.youtube.com/playlist?list=PLEelxTcE2wgiLWUYEZxPJmvby31U7oPNj | H13: Not started
... A74: 73 | B74: Freelancing | C74: ফ্রিল্যান্সিং Full Course Bangla – WordPress Website Creation to Client Hunting | D74: Freelancer Shahin Saim | E74: 7 | F74: Course | G74: https://www.youtube.com/playlist?list=PLYoS3-qVpH1E | H74: Not started

Sheet English Playlists
A1: # | B1: Topic | C1: Playlist / Course Title | D1: Channel | E1: Videos | F1: Type | G1: Playlist URL | H1: My Status | I1: Notes
A2: 1 | B2: WordPress Full Courses | C2: How to Create a WordPress Website – Complete Tutorial | D2: Jim Fahad Digital | E2: 125 | F2: Playlist | G2: https://www.youtube.com/playlist?list=PLTDZrIwt-NI1rCkHfazfvzR_DETu0SezK | H2: Not started
A3: 2 | B3: WordPress Full Courses | C3: WordPress Masterclass: The Complete Beginner Website Course | D3: GigaPress | E3: 66 | F3: Course | G3: https://www.youtube.com/playlist?list=PLEYVoi7MEVtGBSWdiUKw1yChuYVkxDgbZ | H3: Not started
A4: 3 | B4: WordPress Full Courses | C4: WordPress Tutorials for Beginners 2026 | D4: Darrel Wilson | E4: 31 | F4: Playlist | G4: https://www.youtube.com/playlist?list=PLP7FTFIz1J9le4-tfzxqXfkpZ6QTvGisl | H4: Not started
A5: 4 | B5: WordPress Full Courses | C5: Beginner WordPress User (Learn WordPress) | D5: WordPress (official) | E5: 24 | F5: Course | G5: https://www.youtube.com/playlist?list=PL1pJFUVKQ7ERHQC2AWXA4kDLRrIA0bbJb | H5: Not started
A6: 5 | B6: WordPress Full Courses | C6: WordPress for Absolute Beginners (Start Here!) | D6: WPBeginner | E6: 20 | F6: Playlist | G6: https://www.youtube.com/playlist?list=PLOmYFHk0WYasfxar6X8ElSuYF5YT-Ok5_ | H6: Not started
A7: 6 | B7: WordPress Full Courses | C7: WordPress Dev | D7: The Baylis Code | E7: 19 | F7: Playlist | G7: https://www.youtube.com/playlist?list=PLXE2Bj4edhg6gfMqXXivdswVnAV3-57oz | H7: Not started
A8: 7 | B8: WordPress Full Courses | C8: WordPress Tutorial | D8: Metics Media | E8: 16 | F8: Playlist | G8: https://www.youtube.com/playlist?list=PLZppeoE5S1u2WOT-SlnNY8s6m7cBtX-WK | H8: Not started
A9: 8 | B9: WordPress Full Courses | C9: WordPress Complete Free Course For Beginners | D9: 90s Mentor | E9: 13 | F9: Course | G9: https://www.youtube.com/playlist?list=PLreH0suWAA6aslPfwAj7SCQjkKAnddaPs | H9: Not started
A10: 9 | B10: WordPress Full Courses | C10: WordPress Tutorial | D10: Web Host BD | E10: 11 | F10: Playlist | G10: https://www.youtube.com/playlist?list=PL5EWURVULlKLjUVQyFAmEkFC744UowUvL | H10: Not started
A11: 10 | B11: WordPress Full Courses | C11: WordPress Tutorial For Beginners | D11: Darrel Wilson | E11: 9 | F11: Playlist | G11: https://www.youtube.com/playlist?list=PLP7FTFIz1J9nKtg9ygwBu7DS7NwWr6hMo | H11: Not started
A12: 11 | B12: Elementor & Page Builders | C12: The Elementor Pro Mastery Course | D12: Imran Siddiq - Web Squadron | E12: 209 | F12: Course | G12: https://www.youtube.com/playlist?list=PLsBHQa8lURc2LgFyJGfWapsJwBt9Iv82X | H12: Not started
A13: 12 | B13: Elementor & Page Builders | C13: GenerateBlocks – WordPress Tutorials & Walkthroughs | D13: The Admin Bar | E13: 143 | F13: Playlist | G13: https://www.youtube.com/playlist?list=PLaB2pvMXt9t3WSNG85jKNMkKN-s7w1LRF | H13: Not started
... A62: 61 | B62: Freelancing | C62: WordPress Web Design with Freelancing - Full Course | D62: GoFreelancer | E62: 14 | F62: Playlist | G62: https://www.youtube.com/playlist?list=PL8m1qO8p1l-TnbnRf_S_HLgjY4vjfdXzL | H62: Not started

Sheet Hindi Playlists
A1: # | B1: Topic | C1: Playlist / Course Title | D1: Channel | E1: Videos | F1: Type | G1: Playlist URL | H1: My Status | I1: Notes
A2: 1 | B2: WordPress Full Courses | C2: WordPress Tutorial Series for Beginners in Hindi | D2: My Online Master | E2: 120 | F2: Playlist | G2: https://www.youtube.com/playlist?list=PLSoJJghaAk8Wvx3ePW8BaVQrMpnmFkkjm | H2: Not started
A3: 2 | B3: WordPress Full Courses | C3: WordPress Tutorials in Hindi / Urdu – Complete Guide For Beginners | D3: Ahsan Danish | E3: 103 | F3: Playlist | G3: https://www.youtube.com/playlist?list=PLWwQqhuX4PdK-Mi-v4j5mXPZwzGBHNuqA | H3: Not started
A4: 3 | B4: WordPress Full Courses | C4: WordPress Course 2025: Beginner To Advanced (Urdu/Hindi) | D4: Pixemsoft Tech & Tutorials | E4: 86 | F4: Playlist | G4: https://www.youtube.com/playlist?list=PLy0m7LwEILJCFv1vnYxM5Z6FmbYHvK7tQ | H4: Not started
A5: 4 | B5: WordPress Full Courses | C5: WordPress Complete Course – Beginners to Advance | D5: WsCube Tech | E5: 79 | F5: Playlist | G5: https://www.youtube.com/playlist?list=PLjVLYmrlmjGcXDYZC67Us13PBD-3us9jB | H5: Not started
A6: 5 | B6: WordPress Full Courses | C6: WordPress Tutorials in Hindi – The Complete Guide For Beginners | D6: WsCube Tech | E6: 75 | F6: Playlist | G6: https://www.youtube.com/playlist?list=PLjVLYmrlmjGfC44WZSTvlsZFzxnQsysJb | H6: Not started
A7: 6 | B7: WordPress Full Courses | C7: WordPress Tutorials in Hindi | D7: hindidevtuts | E7: 75 | F7: Playlist | G7: https://www.youtube.com/playlist?list=PLlUrVpujUh3_PnBb1B-YOSP_oUqBL4gsh | H7: Not started
A8: 7 | B8: WordPress Full Courses | C8: WordPress Tutorials in Hindi | D8: Tech Gun | E8: 75 | F8: Course | G8: https://www.youtube.com/playlist?list=PLjpp5kBQLNTTEggPfaWMAL_yv7FYiBClc | H8: Not started
A9: 8 | B9: WordPress Full Courses | C9: WordPress Website Designing Course In Hindi 2023 | D9: Digital Business | E9: 71 | F9: Playlist | G9: https://www.youtube.com/playlist?list=PLXcEeDCbBdgzVYoU82ynxrF1kvkt6g9_5 | H9: Not started
A10: 9 | B10: WordPress Full Courses | C10: WordPress Complete Course for Beginners to Advance 2023 (Hindi) | D10: BTN Academy | E10: 53 | F10: Playlist | G10: https://www.youtube.com/playlist?list=PL2znkB9jnt8CpVrWCmAttDgbiJrv8rfhA | H10: Not started
A11: 10 | B11: WordPress Full Courses | C11: WordPress Tutorials for Beginners in Urdu & Hindi | D11: WP Academy | E11: 48 | F11: Playlist | G11: https://www.youtube.com/playlist?list=PL82F4BC93618E71A1 | H11: Not started
A12: 11 | B12: WordPress Full Courses | C12: WordPress Full Course 2026 Beginner to Advanced | D12: Umair Akram | E12: 42 | F12: Course | G12: https://www.youtube.com/playlist?list=PLLY7Dq5sirrX8NwJcmCvaZP4LGfS0Blpz | H12: Not started
A13: 12 | B13: WordPress Full Courses | C13: WordPress Tutorial for Beginners in Hindi | D13: digitaledumy | E13: 39 | F13: Playlist | G13: https://www.youtube.com/playlist?list=PL6ENIUtPnmLJahHvNgcgguR3CXZlES1Na | H13: Not started
... A84: 83 | B84: Freelancing | C84: Learn Freelancing With Hisham Sarwar | D84: Hisham Sarwar | E84: 186 | F84: Playlist | G84: https://www.youtube.com/playlist?list=PLHi_NUJDIGWIU1-pPxaiVLNFwtX2Z2wwJ | H84: Not started
